[{"CoordZ":0.0,"Numero":11,"CoordY":0.0,"CoordX":0.0,"Nome":"Terra"},{"CoordZ":9.009E-6,"Numero":22,"CoordY":8.453E-7,"CoordX":-3.69002E-6,"Nome":"Marte"},{"CoordZ":-2.2E-5,"Numero":33,"CoordY":1.89E-5,"CoordX":1.9E-5,"Nome":"Venus"},{"CoordZ":5.4E-5,"Numero":44,"CoordY":-1.6E-5,"CoordX":3.4E-5,"Nome":"Ganimedes"},{"CoordZ":-3.05,"Numero":55,"CoordY":2.4,"CoordX":2.002,"Nome":"Alfa Centauri A"},{"CoordZ":1.0,"Numero":66,"CoordY":2.8,"CoordX":3.03,"Nome":"Proxima Centauri"},{"CoordZ":8.10099,"Numero":77,"CoordY":-5.0041,"CoordX":7.01,"Nome":"Epsilon Indi"},{"CoordZ":9.0099,"Numero":88,"CoordY":8.7054,"CoordX":-10.08,"Nome":"Glise 412"},{"CoordZ":-5.14,"Numero":99,"CoordY":5.52,"CoordX":4.09,"Nome":"Sirus "},{"CoordZ":12.381,"Numero":111,"CoordY":-14.599,"CoordX":15.0009,"Nome":"Beta Hydri"},{"CoordZ":-55.9959,"Numero":222,"CoordY":26.8195,"CoordX":-51.239,"Nome":"Gamma Ceti"}]